name,start,end,iou
a,10,12,0.2
a,8,18,0.666666667
b,20,40,0.486486486
b,8,30,0.628571429
b,3,38,1
f,1,1,0.5
c,1,5,0
c,15,30,0
